epoch,index,uuid,name,utilization_gpu_pct,memory_used_mib,memory_total_mib,power_w
1786122098,0,GPU-20e0f763-f19e-bf32-2bd5-2d6a835c9d94,NVIDIA H100 80GB HBM3,0,0,81559,71.18
1786122098,1,GPU-29a019ee-ab44-10e9-3666-6573aa4feb06,NVIDIA H100 80GB HBM3,0,0,81559,69.57
1786122099,0,GPU-20e0f763-f19e-bf32-2bd5-2d6a835c9d94,NVIDIA H100 80GB HBM3,0,0,81559,71.11
1786122099,1,GPU-29a019ee-ab44-10e9-3666-6573aa4feb06,NVIDIA H100 80GB HBM3,0,0,81559,69.53
1786122100,0,GPU-20e0f763-f19e-bf32-2bd5-2d6a835c9d94,NVIDIA H100 80GB HBM3,0,1,81559,71.16
1786122100,1,GPU-29a019ee-ab44-10e9-3666-6573aa4feb06,NVIDIA H100 80GB HBM3,0,1,81559,69.53
1786122101,0,GPU-20e0f763-f19e-bf32-2bd5-2d6a835c9d94,NVIDIA H100 80GB HBM3,0,4,81559,71.10
1786122101,1,GPU-29a019ee-ab44-10e9-3666-6573aa4feb06,NVIDIA H100 80GB HBM3,0,4,81559,69.61
1786122103,0,GPU-20e0f763-f19e-bf32-2bd5-2d6a835c9d94,NVIDIA H100 80GB HBM3,0,4,81559,71.11
1786122103,1,GPU-29a019ee-ab44-10e9-3666-6573aa4feb06,NVIDIA H100 80GB HBM3,0,4,81559,69.54
1786122104,0,GPU-20e0f763-f19e-bf32-2bd5-2d6a835c9d94,NVIDIA H100 80GB HBM3,0,4,81559,71.21
1786122104,1,GPU-29a019ee-ab44-10e9-3666-6573aa4feb06,NVIDIA H100 80GB HBM3,0,4,81559,69.49
1786122105,0,GPU-20e0f763-f19e-bf32-2bd5-2d6a835c9d94,NVIDIA H100 80GB HBM3,0,4,81559,71.14
1786122105,1,GPU-29a019ee-ab44-10e9-3666-6573aa4feb06,NVIDIA H100 80GB HBM3,0,4,81559,69.46
1786122106,0,GPU-20e0f763-f19e-bf32-2bd5-2d6a835c9d94,NVIDIA H100 80GB HBM3,0,4,81559,71.11
1786122106,1,GPU-29a019ee-ab44-10e9-3666-6573aa4feb06,NVIDIA H100 80GB HBM3,0,4,81559,69.50
1786122107,0,GPU-20e0f763-f19e-bf32-2bd5-2d6a835c9d94,NVIDIA H100 80GB HBM3,0,4,81559,71.10
1786122107,1,GPU-29a019ee-ab44-10e9-3666-6573aa4feb06,NVIDIA H100 80GB HBM3,0,4,81559,69.54
1786122108,0,GPU-20e0f763-f19e-bf32-2bd5-2d6a835c9d94,NVIDIA H100 80GB HBM3,0,4,81559,71.12
1786122108,1,GPU-29a019ee-ab44-10e9-3666-6573aa4feb06,NVIDIA H100 80GB HBM3,0,4,81559,69.58
1786122109,0,GPU-20e0f763-f19e-bf32-2bd5-2d6a835c9d94,NVIDIA H100 80GB HBM3,0,4,81559,71.07
1786122109,1,GPU-29a019ee-ab44-10e9-3666-6573aa4feb06,NVIDIA H100 80GB HBM3,0,4,81559,69.50
1786122110,0,GPU-20e0f763-f19e-bf32-2bd5-2d6a835c9d94,NVIDIA H100 80GB HBM3,0,4,81559,71.13
1786122110,1,GPU-29a019ee-ab44-10e9-3666-6573aa4feb06,NVIDIA H100 80GB HBM3,0,4,81559,69.48
1786122111,0,GPU-20e0f763-f19e-bf32-2bd5-2d6a835c9d94,NVIDIA H100 80GB HBM3,0,4,81559,71.05
1786122111,1,GPU-29a019ee-ab44-10e9-3666-6573aa4feb06,NVIDIA H100 80GB HBM3,0,4,81559,69.43
1786122112,0,GPU-20e0f763-f19e-bf32-2bd5-2d6a835c9d94,NVIDIA H100 80GB HBM3,0,4,81559,71.11
1786122112,1,GPU-29a019ee-ab44-10e9-3666-6573aa4feb06,NVIDIA H100 80GB HBM3,0,4,81559,69.51
1786122113,0,GPU-20e0f763-f19e-bf32-2bd5-2d6a835c9d94,NVIDIA H100 80GB HBM3,0,4,81559,71.06
1786122113,1,GPU-29a019ee-ab44-10e9-3666-6573aa4feb06,NVIDIA H100 80GB HBM3,0,4,81559,69.49
1786122114,0,GPU-20e0f763-f19e-bf32-2bd5-2d6a835c9d94,NVIDIA H100 80GB HBM3,0,4,81559,71.06
1786122114,1,GPU-29a019ee-ab44-10e9-3666-6573aa4feb06,NVIDIA H100 80GB HBM3,0,4,81559,69.46
1786122115,0,GPU-20e0f763-f19e-bf32-2bd5-2d6a835c9d94,NVIDIA H100 80GB HBM3,0,4,81559,71.05
1786122115,1,GPU-29a019ee-ab44-10e9-3666-6573aa4feb06,NVIDIA H100 80GB HBM3,0,4,81559,69.49
1786122116,0,GPU-20e0f763-f19e-bf32-2bd5-2d6a835c9d94,NVIDIA H100 80GB HBM3,0,4,81559,71.07
1786122116,1,GPU-29a019ee-ab44-10e9-3666-6573aa4feb06,NVIDIA H100 80GB HBM3,0,4,81559,69.54
1786122117,0,GPU-20e0f763-f19e-bf32-2bd5-2d6a835c9d94,NVIDIA H100 80GB HBM3,0,4,81559,71.05
1786122117,1,GPU-29a019ee-ab44-10e9-3666-6573aa4feb06,NVIDIA H100 80GB HBM3,0,4,81559,69.54
1786122118,0,GPU-20e0f763-f19e-bf32-2bd5-2d6a835c9d94,NVIDIA H100 80GB HBM3,0,4,81559,70.99
1786122118,1,GPU-29a019ee-ab44-10e9-3666-6573aa4feb06,NVIDIA H100 80GB HBM3,0,4,81559,69.50
1786122119,0,GPU-20e0f763-f19e-bf32-2bd5-2d6a835c9d94,NVIDIA H100 80GB HBM3,0,724,81559,90.14
1786122119,1,GPU-29a019ee-ab44-10e9-3666-6573aa4feb06,NVIDIA H100 80GB HBM3,4,724,81559,82.29
1786122120,0,GPU-20e0f763-f19e-bf32-2bd5-2d6a835c9d94,NVIDIA H100 80GB HBM3,0,1724,81559,119.23
1786122120,1,GPU-29a019ee-ab44-10e9-3666-6573aa4feb06,NVIDIA H100 80GB HBM3,0,1190,81559,115.38
1786122121,0,GPU-20e0f763-f19e-bf32-2bd5-2d6a835c9d94,NVIDIA H100 80GB HBM3,0,41706,81559,123.36
1786122121,1,GPU-29a019ee-ab44-10e9-3666-6573aa4feb06,NVIDIA H100 80GB HBM3,9,31474,81559,118.17
1786122122,0,GPU-20e0f763-f19e-bf32-2bd5-2d6a835c9d94,NVIDIA H100 80GB HBM3,0,41706,81559,119.25
1786122122,1,GPU-29a019ee-ab44-10e9-3666-6573aa4feb06,NVIDIA H100 80GB HBM3,0,31474,81559,115.74
1786122123,0,GPU-20e0f763-f19e-bf32-2bd5-2d6a835c9d94,NVIDIA H100 80GB HBM3,0,41712,81559,119.35
1786122123,1,GPU-29a019ee-ab44-10e9-3666-6573aa4feb06,NVIDIA H100 80GB HBM3,0,31478,81559,115.71
1786122124,0,GPU-20e0f763-f19e-bf32-2bd5-2d6a835c9d94,NVIDIA H100 80GB HBM3,0,41746,81559,120.86
1786122124,1,GPU-29a019ee-ab44-10e9-3666-6573aa4feb06,NVIDIA H100 80GB HBM3,0,31514,81559,119.32
1786122125,0,GPU-20e0f763-f19e-bf32-2bd5-2d6a835c9d94,NVIDIA H100 80GB HBM3,0,41746,81559,119.50
1786122125,1,GPU-29a019ee-ab44-10e9-3666-6573aa4feb06,NVIDIA H100 80GB HBM3,0,31514,81559,117.04
1786122127,0,GPU-20e0f763-f19e-bf32-2bd5-2d6a835c9d94,NVIDIA H100 80GB HBM3,0,41746,81559,119.35
1786122127,1,GPU-29a019ee-ab44-10e9-3666-6573aa4feb06,NVIDIA H100 80GB HBM3,0,31514,81559,116.56
1786122128,0,GPU-20e0f763-f19e-bf32-2bd5-2d6a835c9d94,NVIDIA H100 80GB HBM3,0,41746,81559,119.35
1786122128,1,GPU-29a019ee-ab44-10e9-3666-6573aa4feb06,NVIDIA H100 80GB HBM3,0,31514,81559,116.64
1786122129,0,GPU-20e0f763-f19e-bf32-2bd5-2d6a835c9d94,NVIDIA H100 80GB HBM3,0,41746,81559,119.36
1786122129,1,GPU-29a019ee-ab44-10e9-3666-6573aa4feb06,NVIDIA H100 80GB HBM3,0,31514,81559,116.56
1786122130,0,GPU-20e0f763-f19e-bf32-2bd5-2d6a835c9d94,NVIDIA H100 80GB HBM3,0,41746,81559,119.48
1786122130,1,GPU-29a019ee-ab44-10e9-3666-6573aa4feb06,NVIDIA H100 80GB HBM3,0,31514,81559,116.56
1786122131,0,GPU-20e0f763-f19e-bf32-2bd5-2d6a835c9d94,NVIDIA H100 80GB HBM3,0,41746,81559,119.35
1786122131,1,GPU-29a019ee-ab44-10e9-3666-6573aa4feb06,NVIDIA H100 80GB HBM3,0,31514,81559,116.61
1786122132,0,GPU-20e0f763-f19e-bf32-2bd5-2d6a835c9d94,NVIDIA H100 80GB HBM3,0,41746,81559,119.35
1786122132,1,GPU-29a019ee-ab44-10e9-3666-6573aa4feb06,NVIDIA H100 80GB HBM3,0,31514,81559,116.62
1786122133,0,GPU-20e0f763-f19e-bf32-2bd5-2d6a835c9d94,NVIDIA H100 80GB HBM3,0,41746,81559,119.41
1786122133,1,GPU-29a019ee-ab44-10e9-3666-6573aa4feb06,NVIDIA H100 80GB HBM3,0,31514,81559,116.58
1786122134,0,GPU-20e0f763-f19e-bf32-2bd5-2d6a835c9d94,NVIDIA H100 80GB HBM3,0,41746,81559,119.49
1786122134,1,GPU-29a019ee-ab44-10e9-3666-6573aa4feb06,NVIDIA H100 80GB HBM3,0,31514,81559,116.58
1786122135,0,GPU-20e0f763-f19e-bf32-2bd5-2d6a835c9d94,NVIDIA H100 80GB HBM3,0,41746,81559,119.45
1786122135,1,GPU-29a019ee-ab44-10e9-3666-6573aa4feb06,NVIDIA H100 80GB HBM3,0,31514,81559,116.61
1786122136,0,GPU-20e0f763-f19e-bf32-2bd5-2d6a835c9d94,NVIDIA H100 80GB HBM3,0,41746,81559,119.43
1786122136,1,GPU-29a019ee-ab44-10e9-3666-6573aa4feb06,NVIDIA H100 80GB HBM3,0,31514,81559,116.57
1786122137,0,GPU-20e0f763-f19e-bf32-2bd5-2d6a835c9d94,NVIDIA H100 80GB HBM3,0,41746,81559,119.44
1786122137,1,GPU-29a019ee-ab44-10e9-3666-6573aa4feb06,NVIDIA H100 80GB HBM3,0,31514,81559,116.65
1786122138,0,GPU-20e0f763-f19e-bf32-2bd5-2d6a835c9d94,NVIDIA H100 80GB HBM3,0,41746,81559,119.51
1786122138,1,GPU-29a019ee-ab44-10e9-3666-6573aa4feb06,NVIDIA H100 80GB HBM3,0,31514,81559,116.70
1786122139,0,GPU-20e0f763-f19e-bf32-2bd5-2d6a835c9d94,NVIDIA H100 80GB HBM3,0,41746,81559,119.51
1786122139,1,GPU-29a019ee-ab44-10e9-3666-6573aa4feb06,NVIDIA H100 80GB HBM3,0,31514,81559,116.63
1786122140,0,GPU-20e0f763-f19e-bf32-2bd5-2d6a835c9d94,NVIDIA H100 80GB HBM3,0,41746,81559,119.45
1786122140,1,GPU-29a019ee-ab44-10e9-3666-6573aa4feb06,NVIDIA H100 80GB HBM3,0,31514,81559,116.68
1786122141,0,GPU-20e0f763-f19e-bf32-2bd5-2d6a835c9d94,NVIDIA H100 80GB HBM3,0,41746,81559,119.52
1786122141,1,GPU-29a019ee-ab44-10e9-3666-6573aa4feb06,NVIDIA H100 80GB HBM3,0,31514,81559,116.74
1786122142,0,GPU-20e0f763-f19e-bf32-2bd5-2d6a835c9d94,NVIDIA H100 80GB HBM3,0,41746,81559,119.54
1786122142,1,GPU-29a019ee-ab44-10e9-3666-6573aa4feb06,NVIDIA H100 80GB HBM3,0,31514,81559,116.69
1786122143,0,GPU-20e0f763-f19e-bf32-2bd5-2d6a835c9d94,NVIDIA H100 80GB HBM3,0,41746,81559,119.60
1786122143,1,GPU-29a019ee-ab44-10e9-3666-6573aa4feb06,NVIDIA H100 80GB HBM3,0,31514,81559,116.68
1786122144,0,GPU-20e0f763-f19e-bf32-2bd5-2d6a835c9d94,NVIDIA H100 80GB HBM3,0,41746,81559,119.46
1786122144,1,GPU-29a019ee-ab44-10e9-3666-6573aa4feb06,NVIDIA H100 80GB HBM3,0,31514,81559,116.72
1786122145,0,GPU-20e0f763-f19e-bf32-2bd5-2d6a835c9d94,NVIDIA H100 80GB HBM3,0,41746,81559,119.46
1786122145,1,GPU-29a019ee-ab44-10e9-3666-6573aa4feb06,NVIDIA H100 80GB HBM3,0,31514,81559,116.64
1786122146,0,GPU-20e0f763-f19e-bf32-2bd5-2d6a835c9d94,NVIDIA H100 80GB HBM3,0,41746,81559,119.51
1786122146,1,GPU-29a019ee-ab44-10e9-3666-6573aa4feb06,NVIDIA H100 80GB HBM3,0,31514,81559,116.65
1786122147,0,GPU-20e0f763-f19e-bf32-2bd5-2d6a835c9d94,NVIDIA H100 80GB HBM3,0,41746,81559,119.62
1786122147,1,GPU-29a019ee-ab44-10e9-3666-6573aa4feb06,NVIDIA H100 80GB HBM3,0,32234,81559,116.76
1786122148,0,GPU-20e0f763-f19e-bf32-2bd5-2d6a835c9d94,NVIDIA H100 80GB HBM3,0,41746,81559,119.52
1786122148,1,GPU-29a019ee-ab44-10e9-3666-6573aa4feb06,NVIDIA H100 80GB HBM3,0,35350,81559,117.24
1786122149,0,GPU-20e0f763-f19e-bf32-2bd5-2d6a835c9d94,NVIDIA H100 80GB HBM3,0,41746,81559,119.56
1786122149,1,GPU-29a019ee-ab44-10e9-3666-6573aa4feb06,NVIDIA H100 80GB HBM3,0,51436,81559,118.38
1786122150,0,GPU-20e0f763-f19e-bf32-2bd5-2d6a835c9d94,NVIDIA H100 80GB HBM3,0,41746,81559,119.58
1786122150,1,GPU-29a019ee-ab44-10e9-3666-6573aa4feb06,NVIDIA H100 80GB HBM3,0,51436,81559,116.74
1786122151,0,GPU-20e0f763-f19e-bf32-2bd5-2d6a835c9d94,NVIDIA H100 80GB HBM3,0,41746,81559,119.60
1786122151,1,GPU-29a019ee-ab44-10e9-3666-6573aa4feb06,NVIDIA H100 80GB HBM3,0,51474,81559,116.74
1786122152,0,GPU-20e0f763-f19e-bf32-2bd5-2d6a835c9d94,NVIDIA H100 80GB HBM3,0,41746,81559,119.60
1786122152,1,GPU-29a019ee-ab44-10e9-3666-6573aa4feb06,NVIDIA H100 80GB HBM3,0,51476,81559,120.78
1786122153,0,GPU-20e0f763-f19e-bf32-2bd5-2d6a835c9d94,NVIDIA H100 80GB HBM3,0,41746,81559,119.54
1786122153,1,GPU-29a019ee-ab44-10e9-3666-6573aa4feb06,NVIDIA H100 80GB HBM3,0,51476,81559,116.77
1786122154,0,GPU-20e0f763-f19e-bf32-2bd5-2d6a835c9d94,NVIDIA H100 80GB HBM3,0,41746,81559,119.60
1786122154,1,GPU-29a019ee-ab44-10e9-3666-6573aa4feb06,NVIDIA H100 80GB HBM3,0,51476,81559,116.78
1786122156,0,GPU-20e0f763-f19e-bf32-2bd5-2d6a835c9d94,NVIDIA H100 80GB HBM3,0,41746,81559,119.65
1786122156,1,GPU-29a019ee-ab44-10e9-3666-6573aa4feb06,NVIDIA H100 80GB HBM3,0,51476,81559,116.71
1786122157,0,GPU-20e0f763-f19e-bf32-2bd5-2d6a835c9d94,NVIDIA H100 80GB HBM3,0,41746,81559,119.63
1786122157,1,GPU-29a019ee-ab44-10e9-3666-6573aa4feb06,NVIDIA H100 80GB HBM3,0,51476,81559,116.79
1786122158,0,GPU-20e0f763-f19e-bf32-2bd5-2d6a835c9d94,NVIDIA H100 80GB HBM3,17,41766,81559,126.58
1786122158,1,GPU-29a019ee-ab44-10e9-3666-6573aa4feb06,NVIDIA H100 80GB HBM3,0,51476,81559,116.71
1786122159,0,GPU-20e0f763-f19e-bf32-2bd5-2d6a835c9d94,NVIDIA H100 80GB HBM3,17,41766,81559,135.04
1786122159,1,GPU-29a019ee-ab44-10e9-3666-6573aa4feb06,NVIDIA H100 80GB HBM3,0,51476,81559,116.77
1786122160,0,GPU-20e0f763-f19e-bf32-2bd5-2d6a835c9d94,NVIDIA H100 80GB HBM3,17,41792,81559,134.22
1786122160,1,GPU-29a019ee-ab44-10e9-3666-6573aa4feb06,NVIDIA H100 80GB HBM3,0,52100,81559,119.64
1786122161,0,GPU-20e0f763-f19e-bf32-2bd5-2d6a835c9d94,NVIDIA H100 80GB HBM3,18,41792,81559,134.42
1786122161,1,GPU-29a019ee-ab44-10e9-3666-6573aa4feb06,NVIDIA H100 80GB HBM3,0,52100,81559,116.78
1786122162,0,GPU-20e0f763-f19e-bf32-2bd5-2d6a835c9d94,NVIDIA H100 80GB HBM3,17,41818,81559,134.96
1786122162,1,GPU-29a019ee-ab44-10e9-3666-6573aa4feb06,NVIDIA H100 80GB HBM3,0,52724,81559,120.38
1786122163,0,GPU-20e0f763-f19e-bf32-2bd5-2d6a835c9d94,NVIDIA H100 80GB HBM3,18,41818,81559,135.69
1786122163,1,GPU-29a019ee-ab44-10e9-3666-6573aa4feb06,NVIDIA H100 80GB HBM3,0,52724,81559,116.74
1786122164,0,GPU-20e0f763-f19e-bf32-2bd5-2d6a835c9d94,NVIDIA H100 80GB HBM3,17,41818,81559,134.94
1786122164,1,GPU-29a019ee-ab44-10e9-3666-6573aa4feb06,NVIDIA H100 80GB HBM3,0,52724,81559,118.45
1786122165,0,GPU-20e0f763-f19e-bf32-2bd5-2d6a835c9d94,NVIDIA H100 80GB HBM3,18,41818,81559,135.10
1786122165,1,GPU-29a019ee-ab44-10e9-3666-6573aa4feb06,NVIDIA H100 80GB HBM3,0,52724,81559,116.74
1786122166,0,GPU-20e0f763-f19e-bf32-2bd5-2d6a835c9d94,NVIDIA H100 80GB HBM3,17,41818,81559,134.66
1786122166,1,GPU-29a019ee-ab44-10e9-3666-6573aa4feb06,NVIDIA H100 80GB HBM3,0,52744,81559,120.44
1786122167,0,GPU-20e0f763-f19e-bf32-2bd5-2d6a835c9d94,NVIDIA H100 80GB HBM3,17,41818,81559,134.75
1786122167,1,GPU-29a019ee-ab44-10e9-3666-6573aa4feb06,NVIDIA H100 80GB HBM3,0,52744,81559,116.76
1786122168,0,GPU-20e0f763-f19e-bf32-2bd5-2d6a835c9d94,NVIDIA H100 80GB HBM3,17,41818,81559,134.57
1786122168,1,GPU-29a019ee-ab44-10e9-3666-6573aa4feb06,NVIDIA H100 80GB HBM3,0,52744,81559,119.27
1786122169,0,GPU-20e0f763-f19e-bf32-2bd5-2d6a835c9d94,NVIDIA H100 80GB HBM3,16,41818,81559,135.99
1786122169,1,GPU-29a019ee-ab44-10e9-3666-6573aa4feb06,NVIDIA H100 80GB HBM3,2,52744,81559,118.58
1786122170,0,GPU-20e0f763-f19e-bf32-2bd5-2d6a835c9d94,NVIDIA H100 80GB HBM3,18,41818,81559,134.61
1786122170,1,GPU-29a019ee-ab44-10e9-3666-6573aa4feb06,NVIDIA H100 80GB HBM3,0,52744,81559,117.20
1786122171,0,GPU-20e0f763-f19e-bf32-2bd5-2d6a835c9d94,NVIDIA H100 80GB HBM3,18,41818,81559,134.60
1786122171,1,GPU-29a019ee-ab44-10e9-3666-6573aa4feb06,NVIDIA H100 80GB HBM3,0,52744,81559,119.20
1786122172,0,GPU-20e0f763-f19e-bf32-2bd5-2d6a835c9d94,NVIDIA H100 80GB HBM3,17,41818,81559,134.92
1786122172,1,GPU-29a019ee-ab44-10e9-3666-6573aa4feb06,NVIDIA H100 80GB HBM3,0,52744,81559,116.80
1786122173,0,GPU-20e0f763-f19e-bf32-2bd5-2d6a835c9d94,NVIDIA H100 80GB HBM3,14,41818,81559,135.53
1786122173,1,GPU-29a019ee-ab44-10e9-3666-6573aa4feb06,NVIDIA H100 80GB HBM3,16,52744,81559,119.17
1786122174,0,GPU-20e0f763-f19e-bf32-2bd5-2d6a835c9d94,NVIDIA H100 80GB HBM3,18,41818,81559,134.83
1786122174,1,GPU-29a019ee-ab44-10e9-3666-6573aa4feb06,NVIDIA H100 80GB HBM3,0,52744,81559,116.82
1786122175,0,GPU-20e0f763-f19e-bf32-2bd5-2d6a835c9d94,NVIDIA H100 80GB HBM3,17,41818,81559,135.82
1786122175,1,GPU-29a019ee-ab44-10e9-3666-6573aa4feb06,NVIDIA H100 80GB HBM3,0,52744,81559,116.78
1786122176,0,GPU-20e0f763-f19e-bf32-2bd5-2d6a835c9d94,NVIDIA H100 80GB HBM3,17,41818,81559,133.97
1786122176,1,GPU-29a019ee-ab44-10e9-3666-6573aa4feb06,NVIDIA H100 80GB HBM3,0,52744,81559,121.03
1786122177,0,GPU-20e0f763-f19e-bf32-2bd5-2d6a835c9d94,NVIDIA H100 80GB HBM3,17,41818,81559,134.07
1786122177,1,GPU-29a019ee-ab44-10e9-3666-6573aa4feb06,NVIDIA H100 80GB HBM3,0,52744,81559,118.04
1786122178,0,GPU-20e0f763-f19e-bf32-2bd5-2d6a835c9d94,NVIDIA H100 80GB HBM3,17,41818,81559,135.31
1786122178,1,GPU-29a019ee-ab44-10e9-3666-6573aa4feb06,NVIDIA H100 80GB HBM3,0,52744,81559,116.77
1786122179,0,GPU-20e0f763-f19e-bf32-2bd5-2d6a835c9d94,NVIDIA H100 80GB HBM3,17,41818,81559,134.95
1786122179,1,GPU-29a019ee-ab44-10e9-3666-6573aa4feb06,NVIDIA H100 80GB HBM3,0,52744,81559,116.78
1786122180,0,GPU-20e0f763-f19e-bf32-2bd5-2d6a835c9d94,NVIDIA H100 80GB HBM3,17,41818,81559,133.80
1786122180,1,GPU-29a019ee-ab44-10e9-3666-6573aa4feb06,NVIDIA H100 80GB HBM3,0,52744,81559,120.19
1786122181,0,GPU-20e0f763-f19e-bf32-2bd5-2d6a835c9d94,NVIDIA H100 80GB HBM3,17,41818,81559,135.52
1786122181,1,GPU-29a019ee-ab44-10e9-3666-6573aa4feb06,NVIDIA H100 80GB HBM3,0,52744,81559,116.82
1786122183,0,GPU-20e0f763-f19e-bf32-2bd5-2d6a835c9d94,NVIDIA H100 80GB HBM3,17,41818,81559,135.11
1786122183,1,GPU-29a019ee-ab44-10e9-3666-6573aa4feb06,NVIDIA H100 80GB HBM3,0,53344,81559,120.84
1786122184,0,GPU-20e0f763-f19e-bf32-2bd5-2d6a835c9d94,NVIDIA H100 80GB HBM3,18,41818,81559,135.42
1786122184,1,GPU-29a019ee-ab44-10e9-3666-6573aa4feb06,NVIDIA H100 80GB HBM3,0,53344,81559,116.89
1786122185,0,GPU-20e0f763-f19e-bf32-2bd5-2d6a835c9d94,NVIDIA H100 80GB HBM3,17,41818,81559,134.58
1786122185,1,GPU-29a019ee-ab44-10e9-3666-6573aa4feb06,NVIDIA H100 80GB HBM3,0,53344,81559,118.98
1786122186,0,GPU-20e0f763-f19e-bf32-2bd5-2d6a835c9d94,NVIDIA H100 80GB HBM3,13,41818,81559,134.10
1786122186,1,GPU-29a019ee-ab44-10e9-3666-6573aa4feb06,NVIDIA H100 80GB HBM3,16,53344,81559,119.10
1786122187,0,GPU-20e0f763-f19e-bf32-2bd5-2d6a835c9d94,NVIDIA H100 80GB HBM3,18,41818,81559,136.03
1786122187,1,GPU-29a019ee-ab44-10e9-3666-6573aa4feb06,NVIDIA H100 80GB HBM3,0,53344,81559,116.85
1786122188,0,GPU-20e0f763-f19e-bf32-2bd5-2d6a835c9d94,NVIDIA H100 80GB HBM3,17,41818,81559,134.49
1786122188,1,GPU-29a019ee-ab44-10e9-3666-6573aa4feb06,NVIDIA H100 80GB HBM3,0,53344,81559,118.94
1786122189,0,GPU-20e0f763-f19e-bf32-2bd5-2d6a835c9d94,NVIDIA H100 80GB HBM3,18,41818,81559,134.89
1786122189,1,GPU-29a019ee-ab44-10e9-3666-6573aa4feb06,NVIDIA H100 80GB HBM3,0,53344,81559,116.85
1786122190,0,GPU-20e0f763-f19e-bf32-2bd5-2d6a835c9d94,NVIDIA H100 80GB HBM3,17,41818,81559,134.74
1786122190,1,GPU-29a019ee-ab44-10e9-3666-6573aa4feb06,NVIDIA H100 80GB HBM3,0,53344,81559,119.91
1786122191,0,GPU-20e0f763-f19e-bf32-2bd5-2d6a835c9d94,NVIDIA H100 80GB HBM3,17,41818,81559,134.24
1786122191,1,GPU-29a019ee-ab44-10e9-3666-6573aa4feb06,NVIDIA H100 80GB HBM3,0,53344,81559,119.34
1786122192,0,GPU-20e0f763-f19e-bf32-2bd5-2d6a835c9d94,NVIDIA H100 80GB HBM3,18,41818,81559,135.59
1786122192,1,GPU-29a019ee-ab44-10e9-3666-6573aa4feb06,NVIDIA H100 80GB HBM3,0,53344,81559,116.92
1786122193,0,GPU-20e0f763-f19e-bf32-2bd5-2d6a835c9d94,NVIDIA H100 80GB HBM3,17,41818,81559,135.51
1786122193,1,GPU-29a019ee-ab44-10e9-3666-6573aa4feb06,NVIDIA H100 80GB HBM3,0,53344,81559,119.14
1786122194,0,GPU-20e0f763-f19e-bf32-2bd5-2d6a835c9d94,NVIDIA H100 80GB HBM3,17,41818,81559,133.65
1786122194,1,GPU-29a019ee-ab44-10e9-3666-6573aa4feb06,NVIDIA H100 80GB HBM3,0,53344,81559,120.10
1786122195,0,GPU-20e0f763-f19e-bf32-2bd5-2d6a835c9d94,NVIDIA H100 80GB HBM3,17,41818,81559,135.21
1786122195,1,GPU-29a019ee-ab44-10e9-3666-6573aa4feb06,NVIDIA H100 80GB HBM3,0,53344,81559,119.35
1786122196,0,GPU-20e0f763-f19e-bf32-2bd5-2d6a835c9d94,NVIDIA H100 80GB HBM3,17,41818,81559,133.84
1786122196,1,GPU-29a019ee-ab44-10e9-3666-6573aa4feb06,NVIDIA H100 80GB HBM3,0,53344,81559,118.44
1786122197,0,GPU-20e0f763-f19e-bf32-2bd5-2d6a835c9d94,NVIDIA H100 80GB HBM3,17,41818,81559,134.68
1786122197,1,GPU-29a019ee-ab44-10e9-3666-6573aa4feb06,NVIDIA H100 80GB HBM3,0,53344,81559,118.49
1786122198,0,GPU-20e0f763-f19e-bf32-2bd5-2d6a835c9d94,NVIDIA H100 80GB HBM3,17,41818,81559,134.29
1786122198,1,GPU-29a019ee-ab44-10e9-3666-6573aa4feb06,NVIDIA H100 80GB HBM3,0,53344,81559,119.06
1786122199,0,GPU-20e0f763-f19e-bf32-2bd5-2d6a835c9d94,NVIDIA H100 80GB HBM3,17,41818,81559,133.99
1786122199,1,GPU-29a019ee-ab44-10e9-3666-6573aa4feb06,NVIDIA H100 80GB HBM3,0,53344,81559,119.89
1786122200,0,GPU-20e0f763-f19e-bf32-2bd5-2d6a835c9d94,NVIDIA H100 80GB HBM3,17,41818,81559,134.78
1786122200,1,GPU-29a019ee-ab44-10e9-3666-6573aa4feb06,NVIDIA H100 80GB HBM3,0,53344,81559,116.90
1786122201,0,GPU-20e0f763-f19e-bf32-2bd5-2d6a835c9d94,NVIDIA H100 80GB HBM3,17,41818,81559,134.90
1786122201,1,GPU-29a019ee-ab44-10e9-3666-6573aa4feb06,NVIDIA H100 80GB HBM3,0,53344,81559,119.89
1786122202,0,GPU-20e0f763-f19e-bf32-2bd5-2d6a835c9d94,NVIDIA H100 80GB HBM3,17,41818,81559,135.48
1786122202,1,GPU-29a019ee-ab44-10e9-3666-6573aa4feb06,NVIDIA H100 80GB HBM3,0,53344,81559,116.92
1786122203,0,GPU-20e0f763-f19e-bf32-2bd5-2d6a835c9d94,NVIDIA H100 80GB HBM3,17,41818,81559,135.55
1786122203,1,GPU-29a019ee-ab44-10e9-3666-6573aa4feb06,NVIDIA H100 80GB HBM3,0,53344,81559,118.58
1786122204,0,GPU-20e0f763-f19e-bf32-2bd5-2d6a835c9d94,NVIDIA H100 80GB HBM3,18,41818,81559,134.74
1786122204,1,GPU-29a019ee-ab44-10e9-3666-6573aa4feb06,NVIDIA H100 80GB HBM3,0,53344,81559,116.94
1786122205,0,GPU-20e0f763-f19e-bf32-2bd5-2d6a835c9d94,NVIDIA H100 80GB HBM3,17,41818,81559,135.18
1786122205,1,GPU-29a019ee-ab44-10e9-3666-6573aa4feb06,NVIDIA H100 80GB HBM3,0,53344,81559,119.38
1786122206,0,GPU-20e0f763-f19e-bf32-2bd5-2d6a835c9d94,NVIDIA H100 80GB HBM3,17,41818,81559,134.98
1786122206,1,GPU-29a019ee-ab44-10e9-3666-6573aa4feb06,NVIDIA H100 80GB HBM3,0,53344,81559,119.64
1786122207,0,GPU-20e0f763-f19e-bf32-2bd5-2d6a835c9d94,NVIDIA H100 80GB HBM3,17,41818,81559,136.65
1786122207,1,GPU-29a019ee-ab44-10e9-3666-6573aa4feb06,NVIDIA H100 80GB HBM3,0,53344,81559,116.94
1786122209,0,GPU-20e0f763-f19e-bf32-2bd5-2d6a835c9d94,NVIDIA H100 80GB HBM3,17,41818,81559,134.01
1786122209,1,GPU-29a019ee-ab44-10e9-3666-6573aa4feb06,NVIDIA H100 80GB HBM3,0,53344,81559,119.79
1786122210,0,GPU-20e0f763-f19e-bf32-2bd5-2d6a835c9d94,NVIDIA H100 80GB HBM3,17,41818,81559,135.50
1786122210,1,GPU-29a019ee-ab44-10e9-3666-6573aa4feb06,NVIDIA H100 80GB HBM3,0,53344,81559,119.81
1786122211,0,GPU-20e0f763-f19e-bf32-2bd5-2d6a835c9d94,NVIDIA H100 80GB HBM3,17,41818,81559,133.91
1786122211,1,GPU-29a019ee-ab44-10e9-3666-6573aa4feb06,NVIDIA H100 80GB HBM3,0,53344,81559,116.89
1786122212,0,GPU-20e0f763-f19e-bf32-2bd5-2d6a835c9d94,NVIDIA H100 80GB HBM3,17,41818,81559,136.02
1786122212,1,GPU-29a019ee-ab44-10e9-3666-6573aa4feb06,NVIDIA H100 80GB HBM3,0,53344,81559,118.41
1786122213,0,GPU-20e0f763-f19e-bf32-2bd5-2d6a835c9d94,NVIDIA H100 80GB HBM3,15,41818,81559,135.80
1786122213,1,GPU-29a019ee-ab44-10e9-3666-6573aa4feb06,NVIDIA H100 80GB HBM3,11,53348,81559,120.58
1786122214,0,GPU-20e0f763-f19e-bf32-2bd5-2d6a835c9d94,NVIDIA H100 80GB HBM3,17,41818,81559,136.21
1786122214,1,GPU-29a019ee-ab44-10e9-3666-6573aa4feb06,NVIDIA H100 80GB HBM3,0,53348,81559,116.90
1786122215,0,GPU-20e0f763-f19e-bf32-2bd5-2d6a835c9d94,NVIDIA H100 80GB HBM3,17,41818,81559,137.19
1786122215,1,GPU-29a019ee-ab44-10e9-3666-6573aa4feb06,NVIDIA H100 80GB HBM3,0,53348,81559,116.91
1786122216,0,GPU-20e0f763-f19e-bf32-2bd5-2d6a835c9d94,NVIDIA H100 80GB HBM3,17,41818,81559,135.38
1786122216,1,GPU-29a019ee-ab44-10e9-3666-6573aa4feb06,NVIDIA H100 80GB HBM3,0,53348,81559,120.26
1786122217,0,GPU-20e0f763-f19e-bf32-2bd5-2d6a835c9d94,NVIDIA H100 80GB HBM3,17,41818,81559,134.45
1786122217,1,GPU-29a019ee-ab44-10e9-3666-6573aa4feb06,NVIDIA H100 80GB HBM3,0,53348,81559,116.88
1786122218,0,GPU-20e0f763-f19e-bf32-2bd5-2d6a835c9d94,NVIDIA H100 80GB HBM3,17,41818,81559,135.97
1786122218,1,GPU-29a019ee-ab44-10e9-3666-6573aa4feb06,NVIDIA H100 80GB HBM3,0,53348,81559,119.80
1786122219,0,GPU-20e0f763-f19e-bf32-2bd5-2d6a835c9d94,NVIDIA H100 80GB HBM3,17,41818,81559,135.16
1786122219,1,GPU-29a019ee-ab44-10e9-3666-6573aa4feb06,NVIDIA H100 80GB HBM3,0,53348,81559,116.90
1786122220,0,GPU-20e0f763-f19e-bf32-2bd5-2d6a835c9d94,NVIDIA H100 80GB HBM3,17,41818,81559,134.68
1786122220,1,GPU-29a019ee-ab44-10e9-3666-6573aa4feb06,NVIDIA H100 80GB HBM3,0,53348,81559,120.07
1786122221,0,GPU-20e0f763-f19e-bf32-2bd5-2d6a835c9d94,NVIDIA H100 80GB HBM3,18,41818,81559,136.21
1786122221,1,GPU-29a019ee-ab44-10e9-3666-6573aa4feb06,NVIDIA H100 80GB HBM3,0,53348,81559,116.89
1786122222,0,GPU-20e0f763-f19e-bf32-2bd5-2d6a835c9d94,NVIDIA H100 80GB HBM3,17,41818,81559,134.80
1786122222,1,GPU-29a019ee-ab44-10e9-3666-6573aa4feb06,NVIDIA H100 80GB HBM3,0,53348,81559,119.79
1786122223,0,GPU-20e0f763-f19e-bf32-2bd5-2d6a835c9d94,NVIDIA H100 80GB HBM3,17,41818,81559,136.84
1786122223,1,GPU-29a019ee-ab44-10e9-3666-6573aa4feb06,NVIDIA H100 80GB HBM3,0,53348,81559,116.97
1786122224,0,GPU-20e0f763-f19e-bf32-2bd5-2d6a835c9d94,NVIDIA H100 80GB HBM3,17,41818,81559,135.39
1786122224,1,GPU-29a019ee-ab44-10e9-3666-6573aa4feb06,NVIDIA H100 80GB HBM3,0,53348,81559,119.31
1786122225,0,GPU-20e0f763-f19e-bf32-2bd5-2d6a835c9d94,NVIDIA H100 80GB HBM3,17,41818,81559,135.55
1786122225,1,GPU-29a019ee-ab44-10e9-3666-6573aa4feb06,NVIDIA H100 80GB HBM3,0,53348,81559,118.86
1786122226,0,GPU-20e0f763-f19e-bf32-2bd5-2d6a835c9d94,NVIDIA H100 80GB HBM3,17,41818,81559,135.82
1786122226,1,GPU-29a019ee-ab44-10e9-3666-6573aa4feb06,NVIDIA H100 80GB HBM3,0,53348,81559,116.91
1786122227,0,GPU-20e0f763-f19e-bf32-2bd5-2d6a835c9d94,NVIDIA H100 80GB HBM3,17,41818,81559,136.46
1786122227,1,GPU-29a019ee-ab44-10e9-3666-6573aa4feb06,NVIDIA H100 80GB HBM3,0,53348,81559,119.52
1786122228,0,GPU-20e0f763-f19e-bf32-2bd5-2d6a835c9d94,NVIDIA H100 80GB HBM3,17,41818,81559,134.91
1786122228,1,GPU-29a019ee-ab44-10e9-3666-6573aa4feb06,NVIDIA H100 80GB HBM3,0,53348,81559,116.96
1786122229,0,GPU-20e0f763-f19e-bf32-2bd5-2d6a835c9d94,NVIDIA H100 80GB HBM3,17,41818,81559,135.03
1786122229,1,GPU-29a019ee-ab44-10e9-3666-6573aa4feb06,NVIDIA H100 80GB HBM3,0,53348,81559,119.54
1786122230,0,GPU-20e0f763-f19e-bf32-2bd5-2d6a835c9d94,NVIDIA H100 80GB HBM3,17,41818,81559,134.72
1786122230,1,GPU-29a019ee-ab44-10e9-3666-6573aa4feb06,NVIDIA H100 80GB HBM3,0,53348,81559,116.36
1786122231,0,GPU-20e0f763-f19e-bf32-2bd5-2d6a835c9d94,NVIDIA H100 80GB HBM3,17,41818,81559,136.31
1786122231,1,GPU-29a019ee-ab44-10e9-3666-6573aa4feb06,NVIDIA H100 80GB HBM3,0,53348,81559,119.65
1786122232,0,GPU-20e0f763-f19e-bf32-2bd5-2d6a835c9d94,NVIDIA H100 80GB HBM3,18,41818,81559,134.53
1786122232,1,GPU-29a019ee-ab44-10e9-3666-6573aa4feb06,NVIDIA H100 80GB HBM3,0,53348,81559,116.12
1786122233,0,GPU-20e0f763-f19e-bf32-2bd5-2d6a835c9d94,NVIDIA H100 80GB HBM3,17,41818,81559,136.07
1786122233,1,GPU-29a019ee-ab44-10e9-3666-6573aa4feb06,NVIDIA H100 80GB HBM3,0,53348,81559,119.55
1786122234,0,GPU-20e0f763-f19e-bf32-2bd5-2d6a835c9d94,NVIDIA H100 80GB HBM3,17,41818,81559,134.70
1786122234,1,GPU-29a019ee-ab44-10e9-3666-6573aa4feb06,NVIDIA H100 80GB HBM3,0,53348,81559,116.34
1786122236,0,GPU-20e0f763-f19e-bf32-2bd5-2d6a835c9d94,NVIDIA H100 80GB HBM3,17,41818,81559,133.08
1786122236,1,GPU-29a019ee-ab44-10e9-3666-6573aa4feb06,NVIDIA H100 80GB HBM3,0,53348,81559,116.12
1786122237,0,GPU-20e0f763-f19e-bf32-2bd5-2d6a835c9d94,NVIDIA H100 80GB HBM3,17,41818,81559,134.13
1786122237,1,GPU-29a019ee-ab44-10e9-3666-6573aa4feb06,NVIDIA H100 80GB HBM3,0,53348,81559,119.84
1786122238,0,GPU-20e0f763-f19e-bf32-2bd5-2d6a835c9d94,NVIDIA H100 80GB HBM3,17,41818,81559,136.31
1786122238,1,GPU-29a019ee-ab44-10e9-3666-6573aa4feb06,NVIDIA H100 80GB HBM3,0,53348,81559,116.22
1786122239,0,GPU-20e0f763-f19e-bf32-2bd5-2d6a835c9d94,NVIDIA H100 80GB HBM3,17,41818,81559,134.85
1786122239,1,GPU-29a019ee-ab44-10e9-3666-6573aa4feb06,NVIDIA H100 80GB HBM3,0,53348,81559,120.42
1786122240,0,GPU-20e0f763-f19e-bf32-2bd5-2d6a835c9d94,NVIDIA H100 80GB HBM3,17,41818,81559,136.26
1786122240,1,GPU-29a019ee-ab44-10e9-3666-6573aa4feb06,NVIDIA H100 80GB HBM3,0,53348,81559,117.07
1786122241,0,GPU-20e0f763-f19e-bf32-2bd5-2d6a835c9d94,NVIDIA H100 80GB HBM3,17,41818,81559,136.01
1786122241,1,GPU-29a019ee-ab44-10e9-3666-6573aa4feb06,NVIDIA H100 80GB HBM3,0,53348,81559,118.99
1786122242,0,GPU-20e0f763-f19e-bf32-2bd5-2d6a835c9d94,NVIDIA H100 80GB HBM3,17,41818,81559,136.59
1786122242,1,GPU-29a019ee-ab44-10e9-3666-6573aa4feb06,NVIDIA H100 80GB HBM3,0,53348,81559,116.12
1786122243,0,GPU-20e0f763-f19e-bf32-2bd5-2d6a835c9d94,NVIDIA H100 80GB HBM3,13,41818,81559,134.46
1786122243,1,GPU-29a019ee-ab44-10e9-3666-6573aa4feb06,NVIDIA H100 80GB HBM3,17,53348,81559,119.29
1786122244,0,GPU-20e0f763-f19e-bf32-2bd5-2d6a835c9d94,NVIDIA H100 80GB HBM3,17,41818,81559,136.07
1786122244,1,GPU-29a019ee-ab44-10e9-3666-6573aa4feb06,NVIDIA H100 80GB HBM3,0,53348,81559,116.22
1786122245,0,GPU-20e0f763-f19e-bf32-2bd5-2d6a835c9d94,NVIDIA H100 80GB HBM3,17,41818,81559,136.68
1786122245,1,GPU-29a019ee-ab44-10e9-3666-6573aa4feb06,NVIDIA H100 80GB HBM3,0,53348,81559,116.15
1786122246,0,GPU-20e0f763-f19e-bf32-2bd5-2d6a835c9d94,NVIDIA H100 80GB HBM3,17,41818,81559,135.71
1786122246,1,GPU-29a019ee-ab44-10e9-3666-6573aa4feb06,NVIDIA H100 80GB HBM3,0,53348,81559,119.79
1786122247,0,GPU-20e0f763-f19e-bf32-2bd5-2d6a835c9d94,NVIDIA H100 80GB HBM3,17,41818,81559,135.29
1786122247,1,GPU-29a019ee-ab44-10e9-3666-6573aa4feb06,NVIDIA H100 80GB HBM3,0,53348,81559,116.18
1786122248,0,GPU-20e0f763-f19e-bf32-2bd5-2d6a835c9d94,NVIDIA H100 80GB HBM3,17,41818,81559,135.18
1786122248,1,GPU-29a019ee-ab44-10e9-3666-6573aa4feb06,NVIDIA H100 80GB HBM3,0,53348,81559,119.73
1786122249,0,GPU-20e0f763-f19e-bf32-2bd5-2d6a835c9d94,NVIDIA H100 80GB HBM3,17,41818,81559,133.49
1786122249,1,GPU-29a019ee-ab44-10e9-3666-6573aa4feb06,NVIDIA H100 80GB HBM3,0,53348,81559,116.18
1786122250,0,GPU-20e0f763-f19e-bf32-2bd5-2d6a835c9d94,NVIDIA H100 80GB HBM3,13,41818,81559,136.72
1786122250,1,GPU-29a019ee-ab44-10e9-3666-6573aa4feb06,NVIDIA H100 80GB HBM3,17,53348,81559,118.73
1786122251,0,GPU-20e0f763-f19e-bf32-2bd5-2d6a835c9d94,NVIDIA H100 80GB HBM3,17,41818,81559,134.66
1786122251,1,GPU-29a019ee-ab44-10e9-3666-6573aa4feb06,NVIDIA H100 80GB HBM3,0,53348,81559,116.19
1786122252,0,GPU-20e0f763-f19e-bf32-2bd5-2d6a835c9d94,NVIDIA H100 80GB HBM3,17,41818,81559,134.07
1786122252,1,GPU-29a019ee-ab44-10e9-3666-6573aa4feb06,NVIDIA H100 80GB HBM3,0,53348,81559,119.43
1786122253,0,GPU-20e0f763-f19e-bf32-2bd5-2d6a835c9d94,NVIDIA H100 80GB HBM3,17,41818,81559,134.79
1786122253,1,GPU-29a019ee-ab44-10e9-3666-6573aa4feb06,NVIDIA H100 80GB HBM3,0,53348,81559,116.16
1786122254,0,GPU-20e0f763-f19e-bf32-2bd5-2d6a835c9d94,NVIDIA H100 80GB HBM3,17,41818,81559,134.59
1786122254,1,GPU-29a019ee-ab44-10e9-3666-6573aa4feb06,NVIDIA H100 80GB HBM3,0,53348,81559,118.83
1786122255,0,GPU-20e0f763-f19e-bf32-2bd5-2d6a835c9d94,NVIDIA H100 80GB HBM3,17,41818,81559,134.91
1786122255,1,GPU-29a019ee-ab44-10e9-3666-6573aa4feb06,NVIDIA H100 80GB HBM3,0,53348,81559,116.19
1786122256,0,GPU-20e0f763-f19e-bf32-2bd5-2d6a835c9d94,NVIDIA H100 80GB HBM3,17,41818,81559,134.47
1786122256,1,GPU-29a019ee-ab44-10e9-3666-6573aa4feb06,NVIDIA H100 80GB HBM3,0,53348,81559,118.23
1786122257,0,GPU-20e0f763-f19e-bf32-2bd5-2d6a835c9d94,NVIDIA H100 80GB HBM3,17,41818,81559,136.49
1786122257,1,GPU-29a019ee-ab44-10e9-3666-6573aa4feb06,NVIDIA H100 80GB HBM3,2,53348,81559,118.05
1786122258,0,GPU-20e0f763-f19e-bf32-2bd5-2d6a835c9d94,NVIDIA H100 80GB HBM3,18,41818,81559,135.11
1786122258,1,GPU-29a019ee-ab44-10e9-3666-6573aa4feb06,NVIDIA H100 80GB HBM3,0,53348,81559,116.18
1786122259,0,GPU-20e0f763-f19e-bf32-2bd5-2d6a835c9d94,NVIDIA H100 80GB HBM3,17,41818,81559,134.98
1786122259,1,GPU-29a019ee-ab44-10e9-3666-6573aa4feb06,NVIDIA H100 80GB HBM3,0,53348,81559,116.13
1786122260,0,GPU-20e0f763-f19e-bf32-2bd5-2d6a835c9d94,NVIDIA H100 80GB HBM3,17,41818,81559,135.21
1786122260,1,GPU-29a019ee-ab44-10e9-3666-6573aa4feb06,NVIDIA H100 80GB HBM3,0,53348,81559,118.93
1786122261,0,GPU-20e0f763-f19e-bf32-2bd5-2d6a835c9d94,NVIDIA H100 80GB HBM3,17,41818,81559,135.84
1786122261,1,GPU-29a019ee-ab44-10e9-3666-6573aa4feb06,NVIDIA H100 80GB HBM3,0,53348,81559,116.22
1786122263,0,GPU-20e0f763-f19e-bf32-2bd5-2d6a835c9d94,NVIDIA H100 80GB HBM3,17,41818,81559,135.80
1786122263,1,GPU-29a019ee-ab44-10e9-3666-6573aa4feb06,NVIDIA H100 80GB HBM3,0,53348,81559,119.89
1786122264,0,GPU-20e0f763-f19e-bf32-2bd5-2d6a835c9d94,NVIDIA H100 80GB HBM3,17,41818,81559,135.36
1786122264,1,GPU-29a019ee-ab44-10e9-3666-6573aa4feb06,NVIDIA H100 80GB HBM3,0,53348,81559,116.20
1786122265,0,GPU-20e0f763-f19e-bf32-2bd5-2d6a835c9d94,NVIDIA H100 80GB HBM3,18,41818,81559,134.35
1786122265,1,GPU-29a019ee-ab44-10e9-3666-6573aa4feb06,NVIDIA H100 80GB HBM3,0,53348,81559,116.20
1786122266,0,GPU-20e0f763-f19e-bf32-2bd5-2d6a835c9d94,NVIDIA H100 80GB HBM3,17,41818,81559,135.98
1786122266,1,GPU-29a019ee-ab44-10e9-3666-6573aa4feb06,NVIDIA H100 80GB HBM3,0,53348,81559,119.32
1786122267,0,GPU-20e0f763-f19e-bf32-2bd5-2d6a835c9d94,NVIDIA H100 80GB HBM3,17,41818,81559,137.41
1786122267,1,GPU-29a019ee-ab44-10e9-3666-6573aa4feb06,NVIDIA H100 80GB HBM3,0,53348,81559,116.13
1786122268,0,GPU-20e0f763-f19e-bf32-2bd5-2d6a835c9d94,NVIDIA H100 80GB HBM3,17,41818,81559,134.26
1786122268,1,GPU-29a019ee-ab44-10e9-3666-6573aa4feb06,NVIDIA H100 80GB HBM3,0,53348,81559,119.48
1786122269,0,GPU-20e0f763-f19e-bf32-2bd5-2d6a835c9d94,NVIDIA H100 80GB HBM3,17,41818,81559,136.04
1786122269,1,GPU-29a019ee-ab44-10e9-3666-6573aa4feb06,NVIDIA H100 80GB HBM3,0,53348,81559,118.74
1786122270,0,GPU-20e0f763-f19e-bf32-2bd5-2d6a835c9d94,NVIDIA H100 80GB HBM3,17,41818,81559,133.93
1786122270,1,GPU-29a019ee-ab44-10e9-3666-6573aa4feb06,NVIDIA H100 80GB HBM3,0,53348,81559,118.19
1786122271,0,GPU-20e0f763-f19e-bf32-2bd5-2d6a835c9d94,NVIDIA H100 80GB HBM3,17,41818,81559,134.98
1786122271,1,GPU-29a019ee-ab44-10e9-3666-6573aa4feb06,NVIDIA H100 80GB HBM3,0,53348,81559,117.67
